{"acc": 0.21739130434782608, "val_loss": 11.968877856470957, "_timestamp": 1714391530.8837252, "_runtime": 665.1141741275787, "_step": 22, "train_loss": 11.968877856470957, "Test accuracy": 0.17391304347826086, "Test F1:": 0.0762987012987013, "_wandb": {"runtime": 664}}