{"acc": 0.2608695652173913, "val_loss": 2.0879515980472085, "_timestamp": 1714399943.3318307, "_runtime": 131.93261575698853, "_step": 3, "train_loss": 2.0879515980472085, "_wandb": {"runtime": 131}}