{"acc": 0.30434782608695654, "val_loss": 1.9261884078258227, "_timestamp": 1714384198.3133237, "_runtime": 276.1398787498474, "_step": 4, "_wandb": {"runtime": 311}}